report_date,q,n_names,coverage,A_1_10_port,A_1_10_spy,B_1_5_port,B_1_5_spy,C_1_21_port,C_1_21_spy,D_pre10_port,D_pre10_spy,E_post10_port,E_post10_spy,A_1_10_market,A_1_10_sector,A_1_10_subsector,A_1_10_idio,E_post10_market,E_post10_sector,E_post10_subsector,E_post10_idio,A_1_10_excess,B_1_5_excess,C_1_21_excess,D_pre10_excess,E_post10_excess
2013-09-30,3,517,0.803819,0.016615,0.017440,0.000257,-0.003452,0.050354,0.054521,0.018418,0.019797,0.011307,0.009650,0.017667,-0.000716,-0.001602,0.001460,0.009710,0.001102,0.001536,-0.001298,-0.000825,0.003709,-0.004167,-0.001378,0.001657
2013-12-31,4,521,0.800472,0.004857,-0.000162,-0.004841,-0.006335,-0.028386,-0.035248,0.043729,0.032776,0.006200,0.005217,-0.000551,0.001156,0.001073,0.002471,0.005377,0.000109,0.002037,-0.001669,0.005019,0.001494,0.006862,0.010953,0.000983
2014-03-31,1,514,0.788998,-0.034592,-0.021763,-0.025711,-0.014277,0.004021,0.006952,-0.011777,-0.004938,0.043074,0.028175,-0.023671,-0.001061,-0.006041,-0.003543,0.032209,0.001174,0.001291,0.007433,-0.012829,-0.011434,-0.002931,-0.006839,0.014899
2014-06-30,2,514,0.785915,0.005634,0.007715,-0.001536,0.002657,0.008592,0.006438,0.022272,0.013828,0.027403,0.022375,0.008793,0.001035,-0.004228,0.000254,0.024835,-0.000711,-0.001457,0.004663,-0.002081,-0.004193,0.002154,0.008444,0.005028
2014-09-30,3,518,0.799673,-0.060809,-0.047305,-0.022577,-0.019084,0.004216,0.005532,0.016728,0.012794,0.001306,0.007442,-0.052203,-0.001929,0.000385,-0.007737,0.008166,0.001313,-0.000232,-0.006755,-0.013505,-0.003493,-0.001316,0.003934,-0.006136
2014-12-31,4,525,0.771684,-0.038726,-0.031721,0.004307,0.001751,-0.002531,-0.017612,0.048715,0.040561,0.006020,0.004807,-0.034922,0.002706,-0.000545,-0.006154,0.005137,0.002014,0.001320,-0.002390,-0.007005,0.002556,0.015081,0.008155,0.001213
2015-03-31,1,528,0.750438,0.015434,0.019377,0.005587,0.007509,0.007331,0.009834,0.010934,0.008163,-0.001679,-0.004096,0.020195,0.000789,-0.002189,-0.003124,-0.004258,-0.000073,0.001573,0.001159,-0.003943,-0.001922,-0.002502,0.002771,0.002417
2015-06-30,2,549,0.774386,0.021116,0.023124,-0.009481,-0.006412,0.026563,0.024144,0.000064,-0.005131,-0.054441,-0.048420,0.023969,-0.002965,-0.001226,0.001527,-0.051015,0.002690,0.001342,-0.008035,-0.002008,-0.003069,0.002419,0.005194,-0.006021
2015-09-30,3,545,0.783522,0.051686,0.039973,0.052652,0.040599,0.096634,0.089757,-0.023926,-0.022673,0.035347,0.024609,0.040695,0.004446,0.000994,0.004370,0.025474,0.000121,0.002027,0.008290,0.011713,0.012053,0.006877,-0.001253,0.010738
2015-12-31,4,547,0.785995,-0.099591,-0.078775,-0.070227,-0.058616,-0.098684,-0.067249,-0.032077,-0.019985,0.061475,0.043893,-0.079676,-0.001231,-0.008375,-0.011335,0.046300,0.001517,0.004213,0.007768,-0.020816,-0.011611,-0.031435,-0.012092,0.017582
2016-03-31,1,548,0.781487,0.016492,0.012116,-0.003730,-0.007639,0.009565,0.003941,-0.016034,-0.005722,0.030252,0.014798,0.012425,0.002380,-0.000185,0.002096,0.015098,-0.000571,0.006784,0.008738,0.004376,0.003909,0.005624,-0.010312,0.015454
2016-06-30,2,568,0.827711,0.036966,0.030313,0.019099,0.015133,0.055897,0.035612,0.014411,0.009911,-0.005391,-0.003332,0.031390,0.002770,0.002373,0.000152,-0.003517,-0.001973,0.000612,-0.000431,0.006653,0.003967,0.020285,0.004500,-0.002059
2016-09-30,3,564,0.820486,-0.019031,-0.014702,-0.003887,-0.005825,-0.019740,-0.017337,0.018160,0.019007,0.024994,0.019946,-0.015751,-0.001054,-0.002096,-0.000092,0.021218,0.000373,0.001344,0.001845,-0.004329,0.001937,-0.002403,-0.000847,0.005048
2016-12-31,4,566,0.839072,0.022887,0.012168,0.021761,0.013108,0.035029,0.018297,0.031343,0.027117,0.020739,0.026016,0.013010,0.003715,0.002271,0.003539,0.027960,-0.000587,-0.004299,-0.002238,0.010718,0.008654,0.016731,0.004226,-0.005278
2017-03-31,1,566,0.856228,-0.008297,-0.004963,-0.004976,-0.002290,0.019024,0.012853,0.015544,0.006787,0.004038,0.004994,-0.005270,0.000161,-0.002012,-0.001070,0.005211,0.000193,-0.000773,-0.000561,-0.003334,-0.002685,0.006171,0.008757,-0.000956
2017-06-30,2,599,0.875796,0.023238,0.015426,0.003254,0.002357,0.029499,0.022829,-0.000019,-0.000932,0.000285,-0.007991,0.016544,0.002523,0.000763,0.003108,-0.009096,0.001063,0.001722,0.006585,0.007812,0.000897,0.006670,0.000913,0.008276
2017-09-30,3,603,0.884257,0.022500,0.014807,0.017062,0.012499,0.027098,0.021972,0.003896,0.002256,0.014164,0.019322,0.016881,0.000687,-0.000948,0.005762,0.022026,-0.003105,-0.001717,-0.002891,0.007693,0.004563,0.005126,0.001640,-0.005159
2017-12-31,4,630,0.897165,0.047267,0.037885,0.040655,0.026455,0.070174,0.056359,-0.038993,-0.043668,-0.002972,-0.007011,0.041857,0.003204,-0.002740,0.004890,-0.007017,0.002255,0.000686,0.001056,0.009382,0.014199,0.013815,0.004675,0.004038
2018-03-31,1,621,0.916503,0.005480,0.007600,-0.017836,-0.013035,-0.007005,0.005168,0.031632,0.023096,0.018747,0.005570,0.007515,-0.000038,-0.001538,-0.000245,0.005674,0.003295,0.004364,0.005154,-0.002120,-0.004801,-0.012173,0.008536,0.013177
2018-06-30,2,639,0.920022,0.033123,0.029711,0.028748,0.024403,0.022750,0.037047,0.021936,0.009135,0.028968,0.021204,0.029668,0.001329,-0.001009,0.003098,0.021860,0.000155,0.002124,0.004802,0.003412,0.004345,-0.014297,0.012801,0.007764
2018-09-30,3,645,0.929019,-0.072685,-0.050805,-0.026416,-0.009975,-0.139441,-0.092391,-0.014029,-0.001589,0.014321,0.013990,-0.053641,-0.004155,-0.010052,-0.005928,0.016143,-0.003085,0.003742,-0.001864,-0.021880,-0.016441,-0.047050,-0.012440,0.000332
2018-12-31,4,662,0.936776,0.060704,0.041734,0.043890,0.027409,0.112718,0.080066,0.027522,0.016486,0.025171,0.022013,0.047936,0.000782,0.007813,0.003451,0.025285,-0.001857,-0.000382,0.002087,0.018970,0.016481,0.032652,0.011037,0.003158
2019-03-31,1,674,0.941517,0.026906,0.027188,0.025898,0.021559,0.046267,0.040852,-0.029270,-0.023132,-0.039668,-0.021154,0.031819,-0.001362,-0.001032,-0.001101,-0.025319,-0.000558,-0.004460,-0.009859,-0.000282,0.004338,0.005415,-0.006138,-0.018514
2019-06-30,2,688,0.932998,0.025233,0.026450,0.008210,0.013037,0.024936,0.026348,-0.061426,-0.045490,0.014913,0.017577,0.031929,0.000980,-0.000414,-0.006747,0.020244,0.000871,-0.001992,-0.003958,-0.001217,-0.004827,-0.001412,-0.015936,-0.002663
2019-09-30,3,689,0.944863,0.002176,-0.002763,-0.009002,-0.012434,0.026029,0.021700,0.025477,0.020506,0.023337,0.015377,-0.003327,0.001545,0.001099,0.002825,0.017450,-0.000364,0.002319,0.003738,0.004939,0.003432,0.004329,0.004971,0.007960
2019-12-31,4,712,0.941688,0.031433,0.019667,0.016339,0.008047,0.015334,-0.000404,0.059885,0.049327,-0.086881,-0.084449,0.022418,0.001086,-0.000403,0.008103,-0.095938,0.002367,-0.001314,0.008574,0.011766,0.008292,0.015738,0.010558,-0.002432
2020-03-31,1,740,0.945294,0.092927,0.077633,0.025992,0.028632,0.166496,0.126984,0.047671,0.012341,0.073308,0.067312,0.078556,0.002011,0.000329,0.012444,0.068684,-0.002821,0.007723,-0.001417,0.015293,-0.002640,0.039513,0.035330,0.005996
2020-06-30,2,727,0.943289,0.059609,0.043748,0.045834,0.025360,0.077024,0.050590,0.032364,0.031606,0.054605,0.040791,0.045444,-0.001533,0.001037,0.014695,0.042111,0.006420,0.000533,0.005446,0.015862,0.020474,0.026434,0.000758,0.013814
2020-09-30,3,726,0.951806,0.060243,0.038938,0.032245,0.017528,0.006964,-0.014661,0.087062,0.098032,0.054175,0.009515,0.039952,0.000607,0.005606,0.012836,0.009769,0.005113,0.004906,0.032896,0.021305,0.014717,0.021625,-0.010969,0.044659
2020-12-31,4,730,0.947939,0.031491,0.004868,0.037420,0.019739,0.060096,0.020514,0.061530,0.042713,-0.042185,-0.014683,0.004962,-0.002204,0.008885,0.019543,-0.015261,-0.006400,-0.012828,-0.007573,0.026623,0.017681,0.039581,0.018817,-0.027502
2021-03-31,1,716,0.943660,0.057922,0.049302,0.042448,0.030757,0.048996,0.052910,-0.042308,-0.006408,0.045324,0.009988,0.055214,0.005540,-0.001470,-0.001112,0.011771,0.003476,0.012885,0.015731,0.008620,0.011691,-0.003914,-0.035900,0.035336
2021-06-30,2,733,0.947815,-0.019622,0.015629,-0.014445,0.006681,-0.004463,0.024413,0.000024,0.021436,0.025038,0.011768,0.019106,-0.002432,-0.018584,-0.017634,0.013387,0.003124,0.007756,0.000433,-0.035251,-0.021126,-0.028876,-0.021412,0.013270
2021-09-30,3,736,0.948742,0.036057,0.031132,0.016153,0.022184,0.068231,0.070164,0.013101,0.016064,-0.050837,-0.025394,0.035311,-0.000944,0.006286,-0.004611,-0.028644,0.014333,-0.027896,-0.008274,0.004925,-0.006031,-0.001933,-0.002963,-0.025443
2021-12-31,4,741,0.949408,-0.053541,-0.021560,-0.047736,-0.018675,-0.089292,-0.046341,-0.018245,-0.024205,-0.019356,-0.020591,-0.025173,-0.004723,-0.010833,-0.013632,-0.027042,-0.000469,0.006652,0.003303,-0.031982,-0.029060,-0.042951,0.005960,0.001235
2022-03-31,1,737,0.943377,-0.045961,-0.030666,-0.022293,-0.006355,-0.114127,-0.082278,-0.078507,-0.034718,0.045199,0.032093,-0.039094,-0.007296,0.002597,-0.002115,0.041954,-0.001404,0.001503,0.002754,-0.015295,-0.015938,-0.031849,-0.043789,0.013106
2022-06-30,2,739,0.941222,0.026304,0.020888,0.049415,0.030272,0.105300,0.088854,0.071574,0.044039,-0.074608,-0.061162,0.025570,0.002711,-0.004603,0.001929,-0.074960,-0.000229,-0.002088,0.002173,0.005416,0.019143,0.016446,0.027535,-0.013446
2022-09-30,3,824,0.927820,-0.007961,0.001260,0.022294,0.015706,0.074502,0.081276,0.034854,0.023070,-0.009763,0.000278,0.000604,-0.000722,-0.004744,-0.004215,0.000188,-0.004353,-0.003488,-0.001980,-0.009221,0.006588,-0.006774,0.011784,-0.010042
2022-12-31,4,833,0.930496,0.069903,0.040112,0.028669,0.014199,0.125237,0.074184,0.017042,0.015155,-0.042001,-0.043379,0.044263,0.006876,0.006163,0.010621,-0.047646,0.000553,0.003307,0.002521,0.029791,0.014470,0.051053,0.001887,0.001378
2023-03-31,1,835,0.941295,0.000678,0.011114,-0.011577,0.000537,-0.026025,0.003542,-0.000751,-0.006017,0.018738,0.017360,0.012417,-0.004350,-0.004133,-0.002984,0.019413,0.004347,0.001083,-0.006981,-0.010436,-0.012114,-0.029567,0.005266,0.001378
2023-06-30,2,826,0.943437,0.032203,0.017055,-0.000526,-0.008167,0.047145,0.029778,-0.033082,-0.021145,-0.021168,-0.011939,0.019469,0.001477,0.007599,0.003160,-0.013675,-0.000914,-0.002177,-0.004309,0.015149,0.007640,0.017367,-0.011937,-0.009229
2023-09-30,3,823,0.941554,-0.005387,0.009404,-0.003164,0.004819,-0.047444,-0.027814,0.087869,0.073003,0.018157,0.013104,0.010765,-0.001198,-0.006090,-0.008552,0.015358,0.000299,0.001347,0.001175,-0.014791,-0.007983,-0.019629,0.014866,0.005054
2024-06-30,2,812,0.935282,0.032748,0.031807,0.019266,0.020323,-0.010669,-0.004079,-0.021339,-0.012818,0.028901,0.026759,0.037250,-0.000765,-0.001769,-0.001853,0.030436,0.001566,-0.001340,-0.001500,0.000941,-0.001057,-0.006590,-0.008522,0.002142
2024-09-30,3,811,0.934740,0.026083,0.018405,-0.001912,-0.010388,0.021889,0.013960,0.054220,0.043454,0.032087,0.015505,0.020972,-0.001347,0.001619,0.004295,0.016777,0.002952,0.000864,0.011056,0.007678,0.008475,0.007928,0.010766,0.016582
2024-12-31,4,837,0.939366,0.024219,0.009487,0.012877,0.005818,0.040285,0.019946,0.023926,0.013094,-0.070699,-0.042529,0.010879,0.004297,0.004455,0.004471,-0.048494,0.003463,-0.010538,-0.017223,0.014732,0.007059,0.020339,0.010832,-0.028170
2025-03-31,1,822,0.924968,-0.042463,-0.036236,-0.102513,-0.098339,0.010182,-0.008670,0.079013,0.057282,0.001291,-0.001812,-0.047540,-0.005749,0.004497,0.000533,-0.001971,-0.001533,-0.000242,0.005221,-0.006228,-0.004174,0.018852,0.021731,0.003104
2025-06-30,2,817,0.932986,0.007789,0.006943,0.004666,0.004030,0.029576,0.026884,0.019991,0.020361,0.018024,0.006156,0.007862,-0.002189,0.000602,0.001815,0.006973,0.001456,0.002538,0.006812,0.000845,0.000636,0.002692,-0.000370,0.011868
2025-09-30,3,808,0.935762,0.013868,-0.005929,0.016566,0.004413,0.047136,0.031838,-0.035639,-0.014852,0.010411,0.012412,-0.007244,0.000417,0.003852,0.016487,0.015030,-0.004450,0.000091,-0.000047,0.019797,0.012153,0.015298,-0.020787,-0.002001
2025-12-31,4,811,0.926901,0.035614,0.015134,0.027397,0.011130,0.026817,0.019782,-0.026785,-0.018061,-0.004313,-0.003690,0.017984,0.005730,0.006015,0.004790,-0.004554,-0.001604,0.005445,-0.003447,0.020481,0.016266,0.007035,-0.008724,-0.000622
2026-03-31,1,794,0.910925,0.092123,0.076268,0.046198,0.039472,0.123071,0.105053,0.015735,0.025699,0.057481,0.026205,0.093630,-0.002332,-0.004818,0.003595,0.031840,0.015312,0.012248,-0.002465,0.015856,0.006727,0.018018,-0.009964,0.031276
