report_date,q,n_names,coverage,A_1_10_port,A_1_10_spy,B_1_5_port,B_1_5_spy,C_1_21_port,C_1_21_spy,D_35_45_port,D_35_45_spy,E_45_55_port,E_45_55_spy,A_1_10_market,A_1_10_sector,A_1_10_subsector,A_1_10_idio,E_45_55_market,E_45_55_sector,E_45_55_subsector,E_45_55_idio,A_1_10_excess,B_1_5_excess,C_1_21_excess,D_35_45_excess,E_45_55_excess
2013-09-30,3,517,0.803819,0.016615,0.017440,0.000257,-0.003452,0.050354,0.054521,0.008272,-0.001666,0.007104,-0.010414,0.017667,-0.000716,-0.001602,0.001460,-0.010487,0.002971,-0.000125,0.014723,-0.000825,0.003709,-0.004167,0.009938,0.017518
2013-12-31,4,521,0.800472,0.004857,-0.000162,-0.004841,-0.006335,-0.028386,-0.035248,0.022177,0.022596,-0.015953,-0.006156,-0.000551,0.001156,0.001073,0.002471,-0.006157,-0.001596,-0.005822,-0.002656,0.005019,0.001494,0.006862,-0.000419,-0.009797
2014-03-31,1,514,0.788998,-0.034592,-0.021763,-0.025711,-0.014277,0.004021,0.006952,0.031943,0.023577,0.024599,0.017946,-0.023671,-0.001061,-0.006041,-0.003543,0.020598,-0.002693,0.006052,-0.000638,-0.012829,-0.011434,-0.002931,0.008366,0.006653
2014-06-30,2,514,0.785915,0.005634,0.007715,-0.001536,0.002657,0.008592,0.006438,0.013739,0.015910,-0.007267,0.000697,0.008793,0.001035,-0.004228,0.000254,0.000755,-0.000273,-0.000614,-0.006994,-0.002081,-0.004193,0.002154,-0.002171,-0.007965
2014-09-30,3,518,0.799673,-0.060809,-0.047305,-0.022577,-0.019084,0.004216,0.005532,0.015324,0.017224,-0.033412,-0.025592,-0.052203,-0.001929,0.000385,-0.007737,-0.028519,-0.000370,0.002924,-0.007893,-0.013505,-0.003493,-0.001316,-0.001900,-0.007820
2014-12-31,4,525,0.771684,-0.038726,-0.031721,0.004307,0.001751,-0.002531,-0.017612,-0.023058,-0.013634,0.017629,0.016565,-0.034922,0.002706,-0.000545,-0.006154,0.017681,-0.001059,0.000977,0.000311,-0.007005,0.002556,0.015081,-0.009424,0.001064
2015-03-31,1,528,0.750438,0.015434,0.019377,0.005587,0.007509,0.007331,0.009834,-0.008652,-0.013613,0.004691,0.004059,0.020195,0.000789,-0.002189,-0.003124,0.004370,-0.002150,0.000601,0.001913,-0.003943,-0.001922,-0.002502,0.004962,0.000633
2015-06-30,2,549,0.774386,0.021116,0.023124,-0.009481,-0.006412,0.026563,0.024144,-0.075223,-0.069387,0.041970,0.041508,0.023969,-0.002965,-0.001226,0.001527,0.043034,-0.000205,0.002551,-0.003550,-0.002008,-0.003069,0.002419,-0.005836,0.000462
2015-09-30,3,545,0.783522,0.051686,0.039973,0.052652,0.040599,0.096634,0.089757,0.006133,0.000682,-0.032035,-0.017600,0.040695,0.004446,0.000994,0.004370,-0.018248,-0.004074,-0.004426,-0.006334,0.011713,0.012053,0.006877,0.005452,-0.014435
2015-12-31,4,547,0.785995,-0.099591,-0.078775,-0.070227,-0.058616,-0.098684,-0.067249,0.028255,0.018586,0.027879,0.025049,-0.079676,-0.001231,-0.008375,-0.011335,0.026906,-0.000882,-0.001101,0.002617,-0.020816,-0.011611,-0.031435,0.009670,0.002830
2016-03-31,1,548,0.781487,0.016492,0.012116,-0.003730,-0.007639,0.009565,0.003941,0.041837,0.026207,-0.024870,-0.015720,0.012425,0.002380,-0.000185,0.002096,-0.016417,-0.000154,-0.001561,-0.007083,0.004376,0.003909,0.005624,0.015630,-0.009150
2016-06-30,2,568,0.827711,0.036966,0.030313,0.019099,0.015133,0.055897,0.035612,0.002090,-0.002239,-0.005383,-0.013349,0.031390,0.002770,0.002373,0.000152,-0.014117,-0.001650,0.002545,0.007999,0.006653,0.003967,0.020285,0.004329,0.007967
2016-09-30,3,564,0.820486,-0.019031,-0.014702,-0.003887,-0.005825,-0.019740,-0.017337,0.003839,0.009179,0.031116,0.032680,-0.015751,-0.001054,-0.002096,-0.000092,0.034745,-0.001550,-0.001802,-0.000330,-0.004329,0.001937,-0.002403,-0.005339,-0.001564
2016-12-31,4,566,0.839072,0.022887,0.012168,0.021761,0.013108,0.035029,0.018297,-0.007763,0.000296,-0.001391,-0.007176,0.013010,0.003715,0.002271,0.003539,-0.007474,0.002058,0.000972,0.002899,0.010718,0.008654,0.016731,-0.008059,0.005785
2017-03-31,1,566,0.856228,-0.008297,-0.004963,-0.004976,-0.002290,0.019024,0.012853,0.022405,0.020562,-0.005570,0.000841,-0.005270,0.000161,-0.002012,-0.001070,0.000858,-0.001911,-0.002519,-0.001917,-0.003334,-0.002685,0.006171,0.001843,-0.006410
2017-06-30,2,599,0.875796,0.023238,0.015426,0.003254,0.002357,0.029499,0.022829,0.027127,0.013802,0.018640,0.013598,0.016544,0.002523,0.000763,0.003108,0.015331,-0.000321,-0.000044,0.003702,0.007812,0.000897,0.006670,0.013324,0.005042
2017-09-30,3,603,0.884257,0.022500,0.014807,0.017062,0.012499,0.027098,0.021972,0.003052,0.021344,0.021853,0.019327,0.016881,0.000687,-0.000948,0.005762,0.021865,0.001073,-0.003253,0.002212,0.007693,0.004563,0.005126,-0.018292,0.002526
2017-12-31,4,630,0.897165,0.047267,0.037885,0.040655,0.026455,0.070174,0.056359,0.013038,0.005085,-0.000193,-0.005010,0.041857,0.003204,-0.002740,0.004890,-0.004891,0.000555,0.001788,0.002410,0.009382,0.014199,0.013815,0.007953,0.004817
2018-03-31,1,621,0.916503,0.005480,0.007600,-0.017836,-0.013035,-0.007005,0.005168,0.025681,0.010624,0.022810,0.015356,0.007515,-0.000038,-0.001538,-0.000245,0.015772,0.001057,0.003702,0.002106,-0.002120,-0.004801,-0.012173,0.015057,0.007454
2018-06-30,2,639,0.920022,0.033123,0.029711,0.028748,0.024403,0.022750,0.037047,0.039416,0.016663,-0.005602,0.002067,0.029668,0.001329,-0.001009,0.003098,0.002121,-0.001368,-0.001720,-0.004424,0.003412,0.004345,-0.014297,0.022753,-0.007669
2018-09-30,3,645,0.929019,-0.072685,-0.050805,-0.026416,-0.009975,-0.139441,-0.092391,0.029108,0.023002,-0.074239,-0.074623,-0.053641,-0.004155,-0.010052,-0.005928,-0.088198,0.007281,-0.000584,0.009870,-0.021880,-0.016441,-0.047050,0.006106,0.000385
2018-12-31,4,662,0.936776,0.060704,0.041734,0.043890,0.027409,0.112718,0.080066,-0.013312,-0.012212,0.037126,0.031206,0.047936,0.000782,0.007813,0.003451,0.035881,0.003893,-0.001688,-0.000921,0.018970,0.016481,0.032652,-0.001100,0.005920
2019-03-31,1,674,0.941517,0.026906,0.027188,0.025898,0.021559,0.046267,0.040852,-0.028856,-0.018577,0.076409,0.064938,0.031819,-0.001362,-0.001032,-0.001101,0.078066,0.002913,-0.004693,0.000573,-0.000282,0.004338,0.005415,-0.010279,0.011471
2019-06-30,2,688,0.932998,0.025233,0.026450,0.008210,0.013037,0.024936,0.026348,0.001367,0.006543,0.034789,0.028962,0.031929,0.000980,-0.000414,-0.006747,0.033544,-0.004088,0.001619,0.003766,-0.001217,-0.004827,-0.001412,-0.005176,0.005826
2019-09-30,3,689,0.944863,0.002176,-0.002763,-0.009002,-0.012434,0.026029,0.021700,-0.001993,-0.007184,0.030779,0.025446,-0.003327,0.001545,0.001099,0.002825,0.028934,-0.000398,0.000237,0.001848,0.004939,0.003432,0.004329,0.005191,0.005333
2019-12-31,4,712,0.941688,0.031433,0.019667,0.016339,0.008047,0.015334,-0.000404,-0.129588,-0.117198,-0.264942,-0.239090,0.022418,0.001086,-0.000403,0.008103,-0.262970,0.007928,-0.009681,-0.003616,0.011766,0.008292,0.015738,-0.012390,-0.025852
2020-03-31,1,740,0.945294,0.092927,0.077633,0.025992,0.028632,0.166496,0.126984,0.063211,0.066411,0.012646,-0.001281,0.078556,0.002011,0.000329,0.012444,-0.001546,0.004677,-0.000506,0.009597,0.015293,-0.002640,0.039513,-0.003200,0.013927
2020-06-30,2,727,0.943289,0.059609,0.043748,0.045834,0.025360,0.077024,0.050590,0.066211,0.056284,-0.059513,-0.047533,0.045444,-0.001533,0.001037,0.014695,-0.048972,0.000100,0.004247,-0.014962,0.015862,0.020474,0.026434,0.009927,-0.011981
2020-09-30,3,726,0.951806,0.060243,0.038938,0.032245,0.017528,0.006964,-0.014661,0.054487,0.016832,0.046968,0.014858,0.039952,0.000607,0.005606,0.012836,0.015022,0.004848,0.007700,0.018909,0.021305,0.014717,0.021625,0.037655,0.032109
2020-12-31,4,730,0.947939,0.031491,0.004868,0.037420,0.019739,0.060096,0.020514,-0.034871,0.000362,0.046779,0.023723,0.004962,-0.002204,0.008885,0.019543,0.023317,0.009891,0.003075,0.011792,0.026623,0.017681,0.039581,-0.035233,0.023056
2021-03-31,1,716,0.943660,0.057922,0.049302,0.042448,0.030757,0.048996,0.052910,0.046414,0.028574,0.026229,-0.005952,0.055214,0.005540,-0.001470,-0.001112,-0.007482,0.015038,0.008195,0.009814,0.008620,0.011691,-0.003914,0.017840,0.032182
2021-06-30,2,733,0.947815,-0.019622,0.015629,-0.014445,0.006681,-0.004463,0.024413,0.047886,0.031900,-0.020368,-0.019889,0.019106,-0.002432,-0.018584,-0.017634,-0.022643,0.005775,0.003973,-0.007212,-0.035251,-0.021126,-0.028876,0.015986,-0.000479
2021-09-30,3,736,0.948742,0.036057,0.031132,0.016153,0.022184,0.068231,0.070164,-0.088390,-0.031444,-0.018448,0.008940,0.035311,-0.000944,0.006286,-0.004611,0.009671,-0.009903,-0.012838,-0.004662,0.004925,-0.006031,-0.001933,-0.056946,-0.027388
2021-12-31,4,741,0.949408,-0.053541,-0.021560,-0.047736,-0.018675,-0.089292,-0.046341,-0.066558,-0.041407,0.128743,0.075237,-0.025173,-0.004723,-0.010833,-0.013632,0.100171,0.002368,0.002060,0.023822,-0.031982,-0.029060,-0.042951,-0.025151,0.053506
2022-03-31,1,737,0.943377,-0.045961,-0.030666,-0.022293,-0.006355,-0.114127,-0.082278,0.061885,0.057336,-0.092478,-0.082452,-0.039094,-0.007296,0.002597,-0.002115,-0.107990,0.005112,0.000477,0.008762,-0.015295,-0.015938,-0.031849,0.004550,-0.010026
2022-06-30,2,739,0.941222,0.026304,0.020888,0.049415,0.030272,0.105300,0.088854,-0.091297,-0.083316,-0.010048,-0.015825,0.025570,0.002711,-0.004603,0.001929,-0.020706,-0.000538,0.003788,0.007358,0.005416,0.019143,0.016446,-0.007981,0.005777
2022-09-30,3,824,0.927820,-0.007961,0.001260,0.022294,0.015706,0.074502,0.081276,0.005756,0.013570,-0.075563,-0.061794,0.000604,-0.000722,-0.004744,-0.004215,-0.070482,-0.005581,0.002828,-0.002535,-0.009221,0.006588,-0.006774,-0.007814,-0.013769
2022-12-31,4,833,0.930496,0.069903,0.040112,0.028669,0.014199,0.125237,0.074184,0.004417,-0.000426,-0.031165,-0.011709,0.044263,0.006876,0.006163,0.010621,-0.013216,-0.001484,-0.012318,-0.003695,0.029791,0.014470,0.051053,0.004843,-0.019456
2023-03-31,1,835,0.941295,0.000678,0.011114,-0.011577,0.000537,-0.026025,0.003542,0.036724,0.022479,0.026506,0.022140,0.012417,-0.004350,-0.004133,-0.002984,0.024991,0.002332,0.000256,-0.001360,-0.010436,-0.012114,-0.029567,0.014246,0.004365
2023-06-30,2,826,0.943437,0.032203,0.017055,-0.000526,-0.008167,0.047145,0.029778,0.040045,0.029187,-0.024031,-0.015333,0.019469,0.001477,0.007599,0.003160,-0.017775,0.001404,-0.005679,-0.002264,0.015149,0.007640,0.017367,0.010859,-0.008698
2023-09-30,3,823,0.941554,-0.005387,0.009404,-0.003164,0.004819,-0.047444,-0.027814,0.032798,0.014348,0.046028,0.032201,0.010765,-0.001198,-0.006090,-0.008552,0.037827,-0.000350,0.002369,0.005268,-0.014791,-0.007983,-0.019629,0.018450,0.013827
2024-06-30,2,812,0.935282,0.032748,0.031807,0.019266,0.020323,-0.010669,-0.004079,-0.008791,-0.004023,0.000802,-0.001082,0.037250,-0.000765,-0.001769,-0.001853,-0.001600,0.002231,-0.003414,0.003415,0.000941,-0.001057,-0.006590,-0.004768,0.001884
2024-09-30,3,811,0.934740,0.026083,0.018405,-0.001912,-0.010388,0.021889,0.013960,0.051236,0.031003,-0.004145,0.001093,0.020972,-0.001347,0.001619,0.004295,0.001151,-0.007267,-0.004499,0.006559,0.007678,0.008475,0.007928,0.020233,-0.005238
2024-12-31,4,837,0.939366,0.024219,0.009487,0.012877,0.005818,0.040285,0.019946,-0.100174,-0.065607,0.021891,-0.000197,0.010879,0.004297,0.004455,0.004471,0.000210,0.000787,0.006695,0.015148,0.014732,0.007059,0.020339,-0.034567,0.022088
2025-03-31,1,822,0.924968,-0.042463,-0.036236,-0.102513,-0.098339,0.010182,-0.008670,0.007438,0.001816,0.007489,0.002265,-0.047540,-0.005749,0.004497,0.000533,0.002325,0.000189,0.004762,0.000644,-0.006228,-0.004174,0.018852,0.005622,0.005224
2025-06-30,2,817,0.932986,0.007789,0.006943,0.004666,0.004030,0.029576,0.026884,0.002563,0.000684,0.037071,0.029534,0.007862,-0.002189,0.000602,0.001815,0.033769,0.000848,0.001758,-0.000440,0.000845,0.000636,0.002692,0.001879,0.007536
2025-09-30,3,808,0.935762,0.013868,-0.005929,0.016566,0.004413,0.047136,0.031838,0.037235,0.027371,-0.007778,-0.014864,-0.007244,0.000417,0.003852,0.016487,-0.017946,0.005122,0.004836,0.000903,0.019797,0.012153,0.015298,0.009864,0.007085
2025-12-31,4,811,0.926901,0.035614,0.015134,0.027397,0.011130,0.026817,0.019782,-0.009979,-0.016187,-0.020204,-0.022621,0.017984,0.005730,0.006015,0.004790,-0.027209,0.002473,0.000302,0.004176,0.020481,0.016266,0.007035,0.006208,0.002417
2026-03-31,1,794,0.910925,0.092123,0.076268,0.046198,0.039472,0.123071,0.105053,0.057804,0.031837,-0.000255,-0.007394,0.093630,-0.002332,-0.004818,0.003595,-0.009934,0.005422,-0.002802,0.007290,0.015856,0.006727,0.018018,0.025967,0.007139
