report_date,map_coverage,improving_weight,A_1_10_Leading_contrib,A_1_10_Leading_weight,A_1_10_Leading_ret,A_1_10_Improving_contrib,A_1_10_Improving_weight,A_1_10_Improving_ret,A_1_10_Weakening_contrib,A_1_10_Weakening_weight,A_1_10_Weakening_ret,A_1_10_Lagging_contrib,A_1_10_Lagging_weight,A_1_10_Lagging_ret,E_45_55_Leading_contrib,E_45_55_Leading_weight,E_45_55_Leading_ret,E_45_55_Improving_contrib,E_45_55_Improving_weight,E_45_55_Improving_ret,E_45_55_Weakening_contrib,E_45_55_Weakening_weight,E_45_55_Weakening_ret,E_45_55_Lagging_contrib,E_45_55_Lagging_weight,E_45_55_Lagging_ret
2013-09-30,0.109640,0.008420,0.001065,0.055820,0.019085,-0.000525,0.008576,-0.061188,0.000000,0.000000,,0.001008,0.041830,0.024104,0.000511,0.055820,0.009158,0.000070,0.008576,0.008165,0.000000,0.000000,,-0.000191,0.041830,-0.004560
2013-12-31,0.106895,0.000000,0.000174,0.032859,0.005296,0.000000,0.000000,,0.000052,0.007993,0.006540,0.002000,0.063128,0.031678,-0.000391,0.032859,-0.011890,0.000000,0.000000,,-0.000144,0.007993,-0.018007,-0.001211,0.063128,-0.019181
2014-03-31,0.107759,0.000000,-0.001573,0.043424,-0.036223,0.000000,0.000000,,-0.001360,0.045885,-0.029633,-0.000615,0.016711,-0.036809,0.000498,0.043424,0.011476,0.000000,0.000000,,0.000950,0.045885,0.020712,-0.000003,0.016711,-0.000156
2014-06-30,0.109610,0.025470,-0.000219,0.004592,-0.047659,-0.000259,0.025029,-0.010365,-0.000419,0.037485,-0.011171,0.000058,0.041228,0.001402,-0.000171,0.004592,-0.037340,0.000249,0.025029,0.009947,-0.000261,0.037485,-0.006958,-0.001097,0.041228,-0.026597
2014-09-30,0.093433,0.007400,0.000000,0.000000,,-0.000140,0.006763,-0.020752,0.000000,0.000000,,-0.005931,0.085543,-0.069330,0.000000,0.000000,,-0.000041,0.006763,-0.006105,0.000000,0.000000,,-0.001954,0.085543,-0.022837
2014-12-31,0.104979,0.026269,0.000113,0.034902,0.003227,-0.001875,0.025455,-0.073654,0.000029,0.005784,0.005078,0.000199,0.037735,0.005285,0.001395,0.034902,0.039968,0.000283,0.025455,0.011121,-0.000077,0.005784,-0.013321,-0.000683,0.037735,-0.018112
2015-03-31,0.112515,0.024019,0.001256,0.084695,0.014827,0.000785,0.023568,0.033301,0.000000,0.000000,,-0.000008,0.003432,-0.002256,0.000480,0.084695,0.005671,-0.000234,0.023568,-0.009940,0.000000,0.000000,,-0.000006,0.003432,-0.001798
2015-06-30,0.106997,0.022239,0.000087,0.075935,0.001149,-0.000114,0.021794,-0.005226,0.000000,0.000000,,-0.000208,0.007750,-0.026774,0.002645,0.075935,0.034831,0.000389,0.021794,0.017854,0.000000,0.000000,,0.000266,0.007750,0.034321
2015-09-30,0.108678,0.007619,0.000705,0.016360,0.043083,0.001549,0.007604,0.203666,-0.000091,0.028273,-0.003201,0.006072,0.054857,0.110697,-0.000247,0.016360,-0.015106,-0.002089,0.007604,-0.274756,-0.000228,0.028273,-0.008056,-0.004331,0.054857,-0.078951
2015-12-31,0.101567,0.023608,-0.001996,0.028310,-0.070509,-0.001980,0.023330,-0.084872,-0.000315,0.003061,-0.102871,-0.007166,0.045348,-0.158016,0.000433,0.028310,0.015300,0.000737,0.023330,0.031578,0.000003,0.003061,0.000895,0.000941,0.045348,0.020756
2016-03-31,0.102544,0.014453,0.000427,0.044832,0.009521,0.000536,0.013468,0.039780,-0.000141,0.007898,-0.017828,0.001494,0.033985,0.043969,-0.000201,0.044832,-0.004489,-0.000350,0.013468,-0.025985,0.000272,0.007898,0.034474,-0.001796,0.033985,-0.052844
2016-06-30,0.094753,0.000000,0.001924,0.049739,0.038679,0.000000,0.000000,,0.002278,0.035799,0.063630,0.000214,0.006718,0.031788,-0.000734,0.049739,-0.014749,0.000000,0.000000,,-0.001065,0.035799,-0.029743,-0.000027,0.006718,-0.004017
2016-09-30,0.093929,0.000000,-0.000061,0.008333,-0.007344,0.000000,0.000000,,-0.001984,0.058938,-0.033659,-0.000902,0.024619,-0.036618,0.000347,0.008333,0.041694,0.000000,0.000000,,0.001226,0.058938,0.020803,0.001243,0.024619,0.050492
2016-12-31,0.111818,0.018522,0.000341,0.051969,0.006569,0.000363,0.018312,0.019839,0.000000,0.000000,,0.001718,0.038965,0.044082,-0.001571,0.051969,-0.030230,0.000166,0.018312,0.009062,0.000000,0.000000,,0.000345,0.038965,0.008853
2017-03-31,0.099091,0.013598,-0.000113,0.037527,-0.003021,-0.000122,0.013075,-0.009364,-0.000660,0.027905,-0.023650,-0.000403,0.018566,-0.021682,0.001299,0.037527,0.034617,0.000297,0.013075,0.022725,0.000003,0.027905,0.000092,0.000109,0.018566,0.005850
2017-06-30,0.094682,0.000000,0.000764,0.065829,0.011604,0.000000,0.000000,,0.000650,0.010540,0.061629,0.000098,0.015418,0.006382,0.002012,0.065829,0.030559,0.000000,0.000000,,0.000318,0.010540,0.030139,0.000672,0.015418,0.043590
2017-09-30,0.092712,0.011782,0.000899,0.030788,0.029196,-0.000243,0.010121,-0.024039,0.000488,0.034635,0.014092,0.000489,0.014951,0.032708,0.000544,0.030788,0.017684,0.000005,0.010121,0.000494,-0.000327,0.034635,-0.009445,0.000419,0.014951,0.027998
2017-12-31,0.103716,0.000000,0.002013,0.042239,0.047663,0.000000,0.000000,,0.000245,0.014522,0.016894,0.001371,0.044813,0.030585,0.000052,0.042239,0.001230,0.000000,0.000000,,-0.000326,0.014522,-0.022429,0.000637,0.044813,0.014207
2018-03-31,0.108203,0.018329,-0.000145,0.044764,-0.003249,0.000228,0.018659,0.012228,0.000038,0.005817,0.006482,0.000585,0.036535,0.016002,0.001905,0.044764,0.042562,-0.000686,0.018659,-0.036755,-0.000002,0.005817,-0.000375,0.000237,0.036535,0.006485
2018-06-30,0.113070,0.000000,0.001666,0.047417,0.035129,0.000000,0.000000,,0.000000,0.000000,,0.000772,0.061955,0.012457,0.000076,0.047417,0.001600,0.000000,0.000000,,0.000000,0.000000,,0.000726,0.061955,0.011719
2018-09-30,0.104574,0.000000,-0.004092,0.051981,-0.078723,0.000000,0.000000,,0.000000,0.000000,,-0.003255,0.049551,-0.065682,-0.004015,0.051981,-0.077239,0.000000,0.000000,,0.000000,0.000000,,-0.005761,0.049551,-0.116268
2018-12-31,0.097024,0.041099,-0.002577,0.045884,-0.056163,0.002690,0.040103,0.067077,0.000000,0.000000,,0.000942,0.008051,0.116979,0.002623,0.045884,0.057164,0.000150,0.040103,0.003736,0.000000,0.000000,,-0.000056,0.008051,-0.006981
2019-03-31,0.099110,0.000000,0.000140,0.037777,0.003694,0.000000,0.000000,,0.001992,0.040830,0.048788,0.001136,0.017103,0.066439,0.002936,0.037777,0.077707,0.000000,0.000000,,0.003220,0.040830,0.078854,0.000939,0.017103,0.054889
2019-06-30,0.106854,0.028748,-0.001779,0.063989,-0.027800,0.000213,0.026615,0.008003,0.000336,0.011768,0.028531,-0.000043,0.001325,-0.032175,0.002555,0.063989,0.039926,0.002372,0.026615,0.089141,0.001753,0.011768,0.148947,0.000263,0.001325,0.198163
2019-09-30,0.094518,0.031069,-0.001108,0.024352,-0.045513,-0.000819,0.030615,-0.026752,-0.000469,0.036562,-0.012817,0.000000,0.000000,,0.001406,0.024352,0.057751,0.001036,0.030615,0.033828,0.000825,0.036562,0.022559,0.000000,0.000000,
2019-12-31,0.103271,0.033872,0.000000,0.000000,,0.001119,0.033557,0.033339,-0.000228,0.029177,-0.007827,0.000257,0.038882,0.006614,0.000000,0.000000,,-0.009860,0.033557,-0.293839,-0.009225,0.029177,-0.316160,-0.012854,0.038882,-0.330578
2020-03-31,0.108613,0.000000,0.004987,0.061598,0.080961,0.000000,0.000000,,0.000000,0.000000,,0.002122,0.044930,0.047229,-0.001806,0.061598,-0.029313,0.000000,0.000000,,0.000000,0.000000,,-0.001268,0.044930,-0.028222
2020-06-30,0.099813,0.012665,0.002456,0.038581,0.063648,-0.000035,0.011224,-0.003078,0.000000,0.000000,,0.003068,0.048256,0.063578,-0.000370,0.038581,-0.009591,-0.000265,0.011224,-0.023568,0.000000,0.000000,,-0.000710,0.048256,-0.014719
2020-09-30,0.097261,0.020555,0.003443,0.060438,0.056972,0.001527,0.019817,0.077052,0.000226,0.012718,0.017800,0.000092,0.002694,0.033987,0.002917,0.060438,0.048257,-0.000023,0.019817,-0.001141,0.002020,0.012718,0.158809,0.000370,0.002694,0.137368
2020-12-31,0.092709,0.000000,0.000735,0.005891,0.124741,0.000000,0.000000,,0.002288,0.030452,0.075151,0.004194,0.054343,0.077173,-0.000336,0.005891,-0.057008,0.000000,0.000000,,-0.000192,0.030452,-0.006301,0.002427,0.054343,0.044663
2021-03-31,0.085957,0.010631,0.000738,0.037397,0.019742,0.000404,0.010857,0.037193,0.000000,0.000000,,0.002373,0.034841,0.068102,-0.002801,0.037397,-0.074895,-0.000309,0.010857,-0.028479,0.000000,0.000000,,0.001845,0.034841,0.052952
2021-06-30,0.082959,0.029150,-0.000295,0.002755,-0.106913,-0.000542,0.028988,-0.018714,0.000000,0.000000,,0.000179,0.049603,0.003603,0.000215,0.002755,0.078191,-0.000180,0.028988,-0.006222,0.000000,0.000000,,-0.001376,0.049603,-0.027739
2021-09-30,0.082680,0.013083,-0.000101,0.029122,-0.003466,0.000625,0.011307,0.055295,0.000000,0.000000,,0.001309,0.039923,0.032789,0.000467,0.029122,0.016021,-0.000218,0.011307,-0.019296,0.000000,0.000000,,0.000057,0.039923,0.001428
2021-12-31,0.077169,0.000000,-0.000504,0.019400,-0.025956,0.000000,0.000000,,0.000000,0.000000,,-0.000427,0.055407,-0.007713,0.001258,0.019400,0.064846,0.000000,0.000000,,0.000000,0.000000,,0.004071,0.055407,0.073473
2022-03-31,0.080322,0.043848,0.000508,0.012042,0.042145,-0.001300,0.042990,-0.030251,-0.000311,0.005781,-0.053767,0.000227,0.016189,0.013993,-0.001907,0.012042,-0.158322,-0.004695,0.042990,-0.109213,-0.000525,0.005781,-0.090761,-0.002229,0.016189,-0.137682
2022-06-30,0.089278,0.033250,0.000179,0.012759,0.013994,0.001130,0.032830,0.034406,-0.000619,0.029655,-0.020874,-0.000120,0.010378,-0.011540,0.000166,0.012759,0.013048,-0.000457,0.032830,-0.013906,-0.000227,0.029655,-0.007666,-0.000192,0.010378,-0.018493
2022-09-30,0.104521,0.028002,0.002837,0.057714,0.049165,0.000072,0.027014,0.002683,0.000000,0.000000,,-0.000163,0.017425,-0.009380,-0.004151,0.057714,-0.071922,-0.001277,0.027014,-0.047257,0.000000,0.000000,,-0.001457,0.017425,-0.083620
2022-12-31,0.105328,0.000000,0.003508,0.059633,0.058829,0.000000,0.000000,,0.000598,0.038058,0.015701,0.000337,0.005490,0.061325,-0.002904,0.059633,-0.048702,0.000000,0.000000,,-0.003151,0.038058,-0.082792,-0.001310,0.005490,-0.238710
2023-03-31,0.093997,0.000000,0.000000,0.000000,,0.000000,0.000000,,0.000060,0.004334,0.013910,0.001373,0.087858,0.015633,0.000000,0.000000,,0.000000,0.000000,,0.000450,0.004334,0.103833,0.003398,0.087858,0.038679
2023-06-30,0.097737,0.025799,0.000430,0.005744,0.074860,0.001090,0.025158,0.043334,0.000000,0.000000,,0.000882,0.065357,0.013495,-0.000494,0.005744,-0.086005,-0.000953,0.025158,-0.037893,0.000000,0.000000,,-0.002415,0.065357,-0.036949
2023-09-30,0.092030,0.028878,0.000937,0.024509,0.038216,-0.000757,0.028304,-0.026742,-0.000070,0.013753,-0.005116,-0.001874,0.023744,-0.078933,-0.000438,0.024509,-0.017888,0.001542,0.028304,0.054489,0.000970,0.013753,0.070514,0.001645,0.023744,0.069297
2024-06-30,0.088907,0.000000,0.000000,0.000000,,0.000000,0.000000,,0.000000,0.000000,,0.002549,0.085610,0.029769,0.000000,0.000000,,0.000000,0.000000,,0.000000,0.000000,,-0.000917,0.085610,-0.010706
2024-09-30,0.091322,0.035689,-0.000290,0.027914,-0.010402,0.000121,0.034969,0.003464,0.000459,0.009372,0.048991,0.001133,0.016864,0.067156,-0.001899,0.027914,-0.068019,-0.001154,0.034969,-0.033005,-0.000443,0.009372,-0.047253,-0.001321,0.016864,-0.078334
2024-12-31,0.085167,0.000000,0.000000,0.000000,,0.000000,0.000000,,0.000083,0.003091,0.026768,0.003973,0.080461,0.049373,0.000000,0.000000,,0.000000,0.000000,,0.000021,0.003091,0.006894,0.001047,0.080461,0.013012
2025-03-31,0.102459,0.005426,-0.006354,0.081119,-0.078325,-0.000400,0.004907,-0.081507,0.000000,0.000000,,-0.001287,0.013851,-0.092884,0.000039,0.081119,0.000485,0.000105,0.004907,0.021414,0.000000,0.000000,,0.000097,0.013851,0.007029
2025-06-30,0.089173,0.008398,0.000140,0.009343,0.015022,0.000234,0.007076,0.033015,0.000000,0.000000,,0.000026,0.070806,0.000374,0.000301,0.009346,0.032226,-0.000024,0.007078,-0.003385,0.000000,0.000000,,-0.000927,0.070827,-0.013086
2025-09-30,0.083011,0.018922,-0.000287,0.007052,-0.040763,0.001195,0.019391,0.061645,0.000000,0.000000,,-0.000097,0.054518,-0.001771,0.000406,0.007052,0.057537,-0.000971,0.019391,-0.050062,0.000000,0.000000,,-0.000055,0.054518,-0.001001
2025-12-31,0.090170,0.035746,0.001139,0.043902,0.025935,0.002035,0.034751,0.058546,0.000000,0.000000,,0.000963,0.009299,0.103558,-0.001607,0.043902,-0.036597,0.000481,0.034751,0.013851,0.000000,0.000000,,-0.000276,0.009299,-0.029730
2026-03-31,0.104466,0.004953,-0.001156,0.037192,-0.031094,-0.000022,0.004742,-0.004635,0.001353,0.022232,0.060863,0.001437,0.038472,0.037355,-0.001110,0.037192,-0.029849,-0.000095,0.004742,-0.019987,0.001203,0.022232,0.054091,-0.000205,0.038472,-0.005328
