report_date,map_coverage,improving_weight,A_1_10_Leading_contrib,A_1_10_Leading_weight,A_1_10_Leading_ret,A_1_10_Improving_contrib,A_1_10_Improving_weight,A_1_10_Improving_ret,A_1_10_Weakening_contrib,A_1_10_Weakening_weight,A_1_10_Weakening_ret,A_1_10_Lagging_contrib,A_1_10_Lagging_weight,A_1_10_Lagging_ret,E_post10_Leading_contrib,E_post10_Leading_weight,E_post10_Leading_ret,E_post10_Improving_contrib,E_post10_Improving_weight,E_post10_Improving_ret,E_post10_Weakening_contrib,E_post10_Weakening_weight,E_post10_Weakening_ret,E_post10_Lagging_contrib,E_post10_Lagging_weight,E_post10_Lagging_ret
2013-09-30,0.939212,0.045048,0.008278,0.570460,0.014511,0.002092,0.044390,0.047123,0.004596,0.254702,0.018045,0.001058,0.073325,0.014426,0.009671,0.570460,0.016953,-0.000345,0.044390,-0.007764,0.002025,0.254702,0.007949,-0.000534,0.073325,-0.007282
2013-12-31,0.947626,0.000000,0.003300,0.438195,0.007531,0.000000,0.000000,,0.004762,0.189279,0.025160,-0.002144,0.322841,-0.006640,-0.003324,0.438195,-0.007585,0.000000,0.000000,,0.003912,0.189279,0.020670,0.005055,0.322841,0.015658
2014-03-31,0.951145,0.198270,-0.013757,0.398867,-0.034489,-0.005139,0.200573,-0.025619,-0.014972,0.354888,-0.042187,0.000000,0.000000,,0.017338,0.398867,0.043468,0.005764,0.200573,0.028740,0.019090,0.354888,0.053791,0.000000,0.000000,
2014-06-30,0.938419,0.269452,0.003681,0.274773,0.013395,0.001276,0.267183,0.004777,-0.000524,0.013002,-0.040330,0.000900,0.385752,0.002333,0.009993,0.274773,0.036369,0.006511,0.267183,0.024370,0.000315,0.013002,0.024248,0.009642,0.385752,0.024995
2014-09-30,0.925675,0.200688,-0.009589,0.171503,-0.055909,-0.009122,0.204047,-0.044704,-0.020511,0.327228,-0.062680,-0.016415,0.224110,-0.073246,0.002752,0.171503,0.016046,0.002753,0.204047,0.013494,0.001856,0.327228,0.005673,-0.003906,0.224110,-0.017429
2014-12-31,0.941853,0.000000,-0.024662,0.684039,-0.036053,0.000000,0.000000,,-0.001145,0.063184,-0.018127,-0.011019,0.196540,-0.056066,0.005125,0.684039,0.007492,0.000000,0.000000,,-0.000315,0.063184,-0.004993,0.001293,0.196540,0.006581
2015-03-31,0.932602,0.231367,0.007427,0.423028,0.017557,0.000037,0.224992,0.000164,0.004881,0.222745,0.021913,0.000917,0.064354,0.014253,-0.000354,0.423028,-0.000837,-0.001428,0.224992,-0.006348,0.001143,0.222745,0.005131,-0.000270,0.064354,-0.004191
2015-06-30,0.933714,0.054916,0.007690,0.255015,0.030154,0.001412,0.056138,0.025152,0.003670,0.209521,0.017517,0.008050,0.414315,0.019430,-0.012268,0.255015,-0.048108,-0.002575,0.056138,-0.045864,-0.010127,0.209521,-0.048332,-0.025604,0.414315,-0.061799
2015-09-30,0.908178,0.359733,0.004965,0.192068,0.025849,0.021357,0.360775,0.059196,0.005328,0.072806,0.073176,0.012681,0.283741,0.044694,0.006909,0.192068,0.035972,0.015023,0.360775,0.041641,0.003445,0.072806,0.047312,0.004841,0.283741,0.017061
2015-12-31,0.928704,0.170490,-0.004371,0.055298,-0.079041,-0.013537,0.171523,-0.078925,-0.019932,0.225912,-0.088228,-0.053376,0.477951,-0.111676,0.001713,0.055298,0.030979,0.004712,0.171523,0.027469,0.017326,0.225912,0.076694,0.032505,0.477951,0.068009
2016-03-31,0.924012,0.110451,0.005345,0.487484,0.010964,0.002276,0.109633,0.020765,0.000921,0.163411,0.005639,0.006430,0.167432,0.038404,0.017598,0.487484,0.036099,0.002967,0.109633,0.027062,0.004032,0.163411,0.024671,0.003741,0.167432,0.022342
2016-06-30,0.933226,0.160364,0.005190,0.259976,0.019963,0.006626,0.161494,0.041031,0.006642,0.119169,0.055733,0.015870,0.395988,0.040076,-0.003312,0.259976,-0.012741,0.001295,0.161494,0.008018,-0.000308,0.119169,-0.002584,-0.001844,0.395988,-0.004657
2016-09-30,0.939401,0.000000,-0.004567,0.389543,-0.011724,0.000000,0.000000,,0.000000,0.000000,,-0.013332,0.553282,-0.024097,0.015711,0.389543,0.040332,0.000000,0.000000,,0.000000,0.000000,,0.008345,0.553282,0.015082
2016-12-31,0.927013,0.011837,0.002568,0.252228,0.010183,0.000263,0.011695,0.022447,0.003223,0.200560,0.016072,0.013826,0.465539,0.029698,0.003891,0.252228,0.015426,0.000487,0.011695,0.041609,0.005106,0.200560,0.025460,0.010532,0.465539,0.022624
2017-03-31,0.921615,0.147700,-0.005251,0.528802,-0.009929,0.000348,0.148328,0.002343,-0.000702,0.094822,-0.007402,-0.002240,0.152955,-0.014643,0.005598,0.528802,0.010586,0.000422,0.148328,0.002846,-0.000265,0.094822,-0.002792,-0.001366,0.152955,-0.008930
2017-06-30,0.929289,0.102557,0.003000,0.310332,0.009667,0.002867,0.099541,0.028802,0.013391,0.454786,0.029445,0.002281,0.067339,0.033873,0.000808,0.310332,0.002604,-0.000139,0.099541,-0.001395,-0.001671,0.454786,-0.003675,0.000260,0.067339,0.003863
2017-09-30,0.900404,0.257932,0.002980,0.145334,0.020503,0.003853,0.257928,0.014937,0.008077,0.316280,0.025537,0.005920,0.182911,0.032364,0.003476,0.145334,0.023915,0.009592,0.257928,0.037189,-0.000698,0.316280,-0.002207,0.000767,0.182911,0.004193
2017-12-31,0.911141,0.273286,0.013296,0.238939,0.055645,0.012004,0.274471,0.043736,0.012798,0.249607,0.051273,0.004931,0.149962,0.032881,-0.005402,0.238939,-0.022607,-0.000860,0.274471,-0.003133,0.003826,0.249607,0.015330,-0.001578,0.149962,-0.010521
2018-03-31,0.912956,0.141530,0.003542,0.236273,0.014993,-0.001455,0.141941,-0.010249,-0.000400,0.234628,-0.001704,0.004905,0.302224,0.016228,0.004064,0.236273,0.017202,0.002306,0.141941,0.016246,0.007126,0.234628,0.030373,0.004155,0.302224,0.013749
2018-06-30,0.915953,0.053529,0.015108,0.409927,0.036856,0.001103,0.054309,0.020318,0.011353,0.247790,0.045815,0.004999,0.205635,0.024312,0.011037,0.409927,0.026925,-0.000043,0.054309,-0.000789,0.009958,0.247790,0.040186,0.006258,0.205635,0.030433
2018-09-30,0.921123,0.000000,-0.033952,0.438353,-0.077454,0.000000,0.000000,,-0.016363,0.195061,-0.083886,-0.016676,0.289565,-0.057590,0.007931,0.438353,0.018092,0.000000,0.000000,,0.003276,0.195061,0.016794,0.002700,0.289565,0.009323
2018-12-31,0.893325,0.112082,-0.001541,0.097372,-0.015826,0.013999,0.113555,0.123279,0.004467,0.112855,0.039583,0.036417,0.571689,0.063700,0.001176,0.097372,0.012074,0.000480,0.113555,0.004227,0.003461,0.112855,0.030665,0.016511,0.571689,0.028881
2019-03-31,0.905148,0.089132,0.016922,0.515557,0.032823,0.000956,0.089877,0.010634,0.001277,0.021406,0.059663,0.004281,0.280961,0.015236,-0.021303,0.515557,-0.041320,-0.005162,0.089877,-0.057439,-0.000512,0.021406,-0.023923,-0.004757,0.280961,-0.016932
2019-06-30,0.889173,0.434114,0.000662,0.096574,0.006855,0.010173,0.435540,0.023357,0.010325,0.268617,0.038437,0.002139,0.090989,0.023513,-0.000086,0.096574,-0.000892,0.003550,0.435540,0.008151,0.007346,0.268617,0.027347,0.001075,0.090989,0.011810
2019-09-30,0.894002,0.285801,-0.002331,0.171131,-0.013621,0.003333,0.288684,0.011547,-0.001187,0.065265,-0.018182,0.000776,0.370883,0.002093,0.002539,0.171131,0.014838,0.004003,0.288684,0.013865,0.001048,0.065265,0.016050,0.011916,0.370883,0.032127
2019-12-31,0.910237,0.022831,0.014287,0.366389,0.038994,-0.000664,0.022980,-0.028894,0.002659,0.074941,0.035474,0.010304,0.449473,0.022924,-0.028344,0.366389,-0.077359,-0.004244,0.022980,-0.184696,-0.007253,0.074941,-0.096788,-0.040698,0.449473,-0.090546
2020-03-31,0.906159,0.000000,0.077718,0.739394,0.105111,0.000000,0.000000,,0.000000,0.000000,,0.007738,0.169356,0.045693,0.043430,0.739394,0.058737,0.000000,0.000000,,0.000000,0.000000,,0.024439,0.169356,0.144305
2020-06-30,0.925937,0.142145,0.032859,0.530067,0.061991,0.003842,0.138414,0.027760,0.006573,0.075861,0.086649,0.009749,0.183629,0.053093,0.038351,0.530067,0.072352,0.003331,0.138414,0.024062,0.005290,0.075861,0.069729,0.001245,0.183629,0.006780
2020-09-30,0.894105,0.142983,0.004246,0.094538,0.044913,0.006465,0.140661,0.045963,0.034595,0.499545,0.069252,0.008506,0.160641,0.052951,0.001972,0.094538,0.020859,0.000934,0.140661,0.006639,0.039328,0.499545,0.078728,0.007183,0.160641,0.044713
2020-12-31,0.890827,0.091663,0.005108,0.497583,0.010266,0.006008,0.089999,0.066760,0.016147,0.228173,0.070767,-0.001689,0.076222,-0.022160,-0.015047,0.497583,-0.030241,-0.003227,0.089999,-0.035861,-0.008701,0.228173,-0.038132,-0.002352,0.076222,-0.030852
2021-03-31,0.871938,0.064322,0.006902,0.182159,0.037890,0.000782,0.065112,0.012009,0.009004,0.087135,0.103334,0.040648,0.539623,0.075326,0.003302,0.182159,0.018127,0.000410,0.065112,0.006301,0.007040,0.087135,0.080800,0.022012,0.539623,0.040791
2021-06-30,0.878740,0.550355,-0.003702,0.112594,-0.032876,-0.004734,0.555131,-0.008529,-0.000919,0.079227,-0.011605,-0.000520,0.134446,-0.003868,0.004435,0.112594,0.039388,0.017200,0.555131,0.030983,0.000748,0.079227,0.009439,-0.000940,0.134446,-0.006995
2021-09-30,0.878268,0.231387,0.014804,0.282041,0.052488,0.005690,0.233715,0.024346,0.001397,0.186006,0.007513,0.007635,0.179376,0.042562,-0.007582,0.282041,-0.026883,-0.007987,0.233715,-0.034174,-0.007462,0.186006,-0.040117,-0.013432,0.179376,-0.074881
2021-12-31,0.876178,0.161933,-0.023783,0.291570,-0.081568,-0.004996,0.161440,-0.030944,-0.011165,0.196150,-0.056923,-0.004985,0.230718,-0.021606,-0.005435,0.291570,-0.018640,0.002456,0.161440,0.015216,-0.004621,0.196150,-0.023556,-0.005091,0.230718,-0.022068
2022-03-31,0.880759,0.070554,0.000442,0.239979,0.001840,-0.004167,0.071073,-0.058633,0.001025,0.029933,0.034243,-0.036598,0.544726,-0.067186,0.010468,0.239979,0.043619,-0.002244,0.071073,-0.031568,-0.000663,0.029933,-0.022146,0.026944,0.544726,0.049464
2022-06-30,0.884022,0.593691,0.003679,0.103559,0.035521,0.025723,0.600042,0.042868,-0.001284,0.112010,-0.011459,0.000096,0.072051,0.001335,-0.008501,0.103559,-0.082087,-0.056139,0.600042,-0.093559,0.000047,0.112010,0.000419,-0.003646,0.072051,-0.050602
2022-09-30,0.910599,0.000000,-0.003215,0.391638,-0.008209,0.000000,0.000000,,0.009613,0.178812,0.053762,-0.010756,0.343041,-0.031354,-0.001202,0.391638,-0.003069,0.000000,0.000000,,0.000884,0.178812,0.004944,-0.008864,0.343041,-0.025840
2022-12-31,0.916888,0.084213,0.012683,0.270437,0.046898,0.008235,0.084719,0.097206,0.009449,0.186683,0.050614,0.029050,0.377426,0.076968,-0.005806,0.270437,-0.021468,-0.003680,0.084719,-0.043432,-0.006904,0.186683,-0.036984,-0.020913,0.377426,-0.055409
2023-03-31,0.916727,0.215331,-0.004444,0.298866,-0.014871,-0.001521,0.217581,-0.006990,0.000000,0.000000,,0.008288,0.403583,0.020537,0.025941,0.298866,0.086800,0.000701,0.217581,0.003223,0.000000,0.000000,,-0.007254,0.403583,-0.017974
2023-06-30,0.916586,0.193371,0.014978,0.414176,0.036163,0.006599,0.192742,0.034239,0.003476,0.085275,0.040757,0.001730,0.227640,0.007600,-0.003973,0.414176,-0.009593,-0.006537,0.192742,-0.033914,-0.002893,0.085275,-0.033921,-0.005511,0.227640,-0.024210
2023-09-30,0.914161,0.155020,-0.001365,0.147085,-0.009279,-0.001829,0.154026,-0.011872,0.001786,0.417031,0.004283,-0.001500,0.197800,-0.007584,0.002358,0.147085,0.016031,0.002528,0.154026,0.016415,0.009583,0.417031,0.022979,0.002341,0.197800,0.011836
2024-06-30,0.901092,0.011668,0.012302,0.272891,0.045080,0.000644,0.010856,0.059347,0.000000,0.000000,,0.014794,0.618054,0.023936,0.004271,0.272891,0.015652,0.000321,0.010856,0.029556,0.000000,0.000000,,0.021658,0.618054,0.035043
2024-09-30,0.878974,0.101339,0.005495,0.403282,0.013625,0.001362,0.101131,0.013464,0.000000,0.000000,,0.013325,0.375515,0.035483,0.016902,0.403282,0.041911,0.002427,0.101131,0.023996,0.000000,0.000000,,0.006401,0.375515,0.017047
2024-12-31,0.856546,0.000000,0.004876,0.397430,0.012268,0.000000,0.000000,,0.004314,0.086351,0.049964,0.008147,0.374152,0.021775,-0.035227,0.397430,-0.088638,0.000000,0.000000,,-0.004045,0.086351,-0.046841,-0.012171,0.374152,-0.032531
2025-03-31,0.834212,0.086725,-0.020309,0.328541,-0.061814,-0.003548,0.085136,-0.041669,0.000000,0.000000,,-0.015091,0.421166,-0.035831,-0.000586,0.328541,-0.001783,0.001209,0.085136,0.014199,0.000000,0.000000,,-0.002268,0.421166,-0.005384
2025-06-30,0.817896,0.083218,0.005236,0.338375,0.015475,-0.002167,0.083896,-0.025833,0.000000,0.000000,,0.000889,0.396854,0.002239,0.005767,0.338668,0.017028,0.001183,0.083968,0.014083,0.000000,0.000000,,0.008817,0.397107,0.022204
2025-09-30,0.798872,0.306446,0.000000,0.000000,,-0.003181,0.308070,-0.010325,0.003083,0.265240,0.011623,0.005327,0.228016,0.023362,0.000000,0.000000,,0.011425,0.308070,0.037087,-0.004494,0.265240,-0.016945,0.002152,0.228016,0.009438
2025-12-31,0.811149,0.347779,0.002525,0.162538,0.015532,0.019364,0.349246,0.055445,0.000000,0.000000,,0.004457,0.302749,0.014723,-0.001567,0.162538,-0.009639,0.001395,0.349246,0.003994,0.000000,0.000000,,-0.004046,0.302749,-0.013364
2026-03-31,0.828094,0.300353,-0.001720,0.085198,-0.020192,0.043236,0.308300,0.140239,0.010867,0.122958,0.088380,0.018100,0.320395,0.056494,-0.000941,0.085198,-0.011050,0.032156,0.308300,0.104300,0.004801,0.122958,0.039044,0.005627,0.320395,0.017562
